[
  {
    "pk": 1,
    "model": "fragment.gene",
    "fields": {
      "owner": 1,
      "origin": "BB",
      "sequence": "TACTAGTAGCGGCCGCTGCAGTCCGGCAAAAAAGGGCAAGGTGTCACCACCCTGCCCTTTTTCTTTAAAACCGAAAAGATTACTTCGCGTTATGCAGGCTTCCTCGCTCACTGACTCGCTGCGCTCGGTCGTTCGGCTGCGGCGAGCGGTATCAGCTCACTCAAAGGCGGTAATACGGTTATCCACAGAATCAGGGGATAACGCAGGAAAGAACATGTGAGCAAAAGGCCAGCAAAAGGCCAGGAACCGTAAAAAGGCCGCGTTGCTGGCGTTTTTCCACAGGCTCCGCCCCCCTGACGAGCATCACAAAAATCGACGCTCAAGTCAGAGGTGGCGAAACCCGACAGGACTATAAAGATACCAGGCGTTTCCCCCTGGAAGCTCCCTCGTGCGCTCTCCTGTTCCGACCCTGCCGCTTACCGGATACCTGTCCGCCTTTCTCCCTTCGGGAAGCGTGGCGCTTTCTCATAGCTCACGCTGTAGGTATCTCAGTTCGGTGTAGGTCGTTCGCTCCAAGCTGGGCTGTGTGCACGAACCCCCCGTTCAGCCCGACCGCTGCGCCTTATCCGGTAACTATCGTCTTGAGTCCAACCCGGTAAGACACGACTTATCGCCACTGGCAGCAGCCACTGGTAACAGGATTAGCAGAGCGAGGTATGTAGGCGGTGCTACAGAGTTCTTGAAGTGGTGGCCTAACTACGGCTACACTAGAAGAACAGTATTTGGTATCTGCGCTCTGCTGAAGCCAGTTACCTTCGGAAAAAGAGTTGGTAGCTCTTGATCCGGCAAACAAACCACCGCTGGTAGCGGTGGTTTTTTTGTTTGCAAGCAGCAGATTACGCGCAGAAAAAAAGGATCTCAAGAAGATCCTTTGATCTTTTCTACGGGGTCTGACGCTCAGTGGAACGAAAACTCACGTTAAGGGATTTTGGTCATGAGATTATCAAAAAGGATCTTCACCTAGATCCTTTTAAATTAAAAATGAAGTTTTAAATCAATCTAAAGTATATATGAGTAAACTTGGTCTGACAGCTCGAGGCTTGGATTCTCACCAATAAAAAACGCCCGGCGGCAACCGAGCGTTCTGAACAAATCCAGATGGAGTTCTGAGGTCATTACTGGATCTATCAACAGGAGTCCAAGCGAGCTCGATATCAAATTACGCCCCGCCCTGCCACTCATCGCAGTACTGTTGTAATTCATTAAGCATTCTGCCGACATGGAAGCCATCACAAACGGCATGATGAACCTGAATCGCCAGCGGCATCAGCACCTTGTCGCCTTGCGTATAATATTTGCCCATGGTGAAAACGGGGGCGAAGAAGTTGTCCATATTGGCCACGTTTAAATCAAAACTGGTGAAACTCACCCAGGGATTGGCTGAGACGAAAAACATATTCTCAATAAACCCTTTAGGGAAATAGGCCAGGTTTTCACCGTAACACGCCACATCTTGCGAATATATGTGTAGAAACTGCCGGAAATCGTCGTGGTATTCACTCCAGAGCGATGAAAACGTTTCAGTTTGCTCATGGAAAACGGTGTAACAAGGGTGAACACTATCCCATATCACCAGCTCACCGTCTTTCATTGCCATACGAAATTCCGGATGAGCATTCATCAGGCGGGCAAGAATGTGAATAAAGGCCGGATAAAACTTGTGCTTATTTTTCTTTACGGTCTTTAAAAAGGCCGTAATATCCAGCTGAACGGTCTGGTTATAGGTACATTGAGCAACTGACTGAAATGCCTCAAAATGTTCTTTACGATGCCATTGGGATATATCAACGGTGGTATATCCAGTGATTTTTTTCTCCATTTTAGCTTCCTTAGCTCCTGAAAATCTCGATAACTCAAAAAATACGCCCGGTAGTGATCTTATTTCATTATGGTGAAAGTTGGAACCTCTTACGTGCCCGATCAACTCGAGTGCCACCTGACGTCTAAGAAACCATTATTATCATGACATTAACCTATAAAAATAGGCGTATCACGAGGCAGAATTTCAGATAAAAAAAATCCTTAGCTTTCGCTAAGGATGATTTCTGGAATTCGCGGCCGCTTCTAGAG",
      "name": "pSB1C3",
      "description": "High copy BioBrick assembly plasmid"
    }
  },
  {
    "pk": 2,
    "model": "fragment.gene",
    "fields": {
      "owner": 1,
      "origin": "BB",
      "sequence": "TTATGACAACTTGACGGCTACATCATTCACTTTTTCTTCACAACCGGCACGGAACTCGCTCGGGCTGGCCCCGGTGCATTTTTTAAATACCCGCGAGAAATAGAGTTGATCGTCAAAACCAACATTGCGACCGACGGTGGCGATAGGCATCCGGGTGGTGCTCAAAAGCAGCTTCGCCTGGCTGATACGTTGGTCCTCGCGCCAGCTTAAGACGCTAATCCCTAACTGCTGGCGGAAAAGATGTGACAGACGCGACGGCGACAAGCAAACATGCTGTGCGACGCTGGCGATATCAAAATTGCTGTCTGCCAGGTGATCGCTGATGTACTGACAAGCCTCGCGTACCCGATTATCCATCGGTGGATGGAGCGACTCGTTAATCGCTTCCATGCGCCGCAGTAACAATTGCTCAAGCAGATTTATCGCCAGCAGCTCCGAATAGCGCCCTTCCCCTTGCCCGGCGTTAATGATTTGCCCAAACAGGTCGCTGAAATGCGGCTGGTGCGCTTCATCCGGGCGAAAGAACCCCGTATTGGCAAATATTGACGGCCAGTTAAGCCATTCATGCCAGTAGGCGCGCGGACGAAAGTAAACCCACTGGTGATACCATTCGCGAGCCTCCGGATGACGACCGTAGTGATGAATCTCTCCTGGCGGGAACAGCAAAATATCACCCGGTCGGCAAACAAATTCTCGTCCCTGATTTTTCACCACCCCCTGACCGCGAATGGTGAGATTGAGAATATAACCTTTCATTCCCAGCGGTCGGTCGATAAAAAAATCGAGATAACCGTTGGCCTCAATCGGCGTTAAACCCGCCACCAGATGGGCATTAAACGAGTATCCCGGCAGCAGGGGATCATTTTGCGCTTCAGCCATACTTTTCATACTCCCGCCATTCAGAGAAGAAACCAATTGTCCATATTGCATCAGACATTGCCGTCACTGCGTCTTTTACTGGCTCTTCTCGCTAACCAAACCGGTAACCCCGCTTATTAAAAGCATTCTGTAACAAAGCGGGACCAAAGCCATGACAAAAACGCGTAACAAAAGTGTCTATAATCACGGCAGAAAAGTCCACATTGATTATTTGCACGGCGTCACACTTTGCTATGCCATAGCATTTTTATCCATAAGATTAGCGGATCCTACCTGACGCTTTTTATCGCAACTCTCTACTGTTTCTCCATACCCGTTTTTTTGGGCTAGCTACTAGAGTTAAGGAGGTAAAAAAAATGGCCCCGACCGTGGAACAAATTGTGGAGCTGGGTACGTATCTGCTGGCCGAAAGCCCGCACTGGGACGATGAAACGCAAAGCCTGTATTTCGTCGATATCGTTGGTCGCAGCGTGAACAAATACGTTCCGACGACCAAGACGCATACCCAACTGAAATTCGACAAGAATCCGAGCTTCATCATCCCGGTGAAGGGTTGTTCCGACCGTTTTATCGTCAGCCTGGAACGCGAGATCAACCTGCTGACCTGGGACGGCGCATCCTCTGCACCATCCAAGATTGAGAAGATCGCGGTTTTCGATAATACGCCAGAGAAGAGCGAAAACCGTCTGAACGATGGTAAGGCAGATCCGCTGGGCAACCTGTGGGCGGGTACCATGAATATGGGTTCTGACCATACCACCGGCACGCCGGTGCGCGGTACCCTGAGCAGCCTGAGCAACAAGCAAGTCAAAGAGCACGTCAGCGAGGTCTGCATCAGCAATGGCCTGGCATGGAGCAAGGACCTGAAGAAATTCTATTACATTGATAGCGCTGTTCGTCAAGTTGACCAGTTCGATTTCGATGCGAAAAACCTGAGCTTGAGCAATCGTCAACCGCTGTTCACCTTTGACAAACACGGCATCATGGGTAGCCCGGATGGTCAGACCATCGATGCGGAGGGTAACCTGTGGGTTGCCACCTGTCAGGGCGATAAAGTCCTGAAGATTGATACTTCTACCCCGGAAACCCTGCTGGGTATTGTGGAGATTCCGGAACATCAGGTGACGAGCGTTTGCATCGGCGGTGCAGAACTGAACGTTTTGTATGTGACGACCGCGTCCATTAAACTGCCTGGTGCGGATGAAACCAAGCCGATGAAAGGCGCCATCTATAAAGTCACCGGTCTGGGTGTCAAAGGTCTGCCGGGTGACCGTGTTAAGCTGTAATAAGGATCCTTAAGGAGGTAAAAAAAATGGAGAACATGGAGAACGACGAGAATATTGTGGTTGGTCCGAAACCGTTCTACCCGATCGAAGAGGGCAGCGCGGGTACCCAGCTGCGTAAATACATGGAACGCTACGCGAAACTGGGTGCGATCGCGTTCACGAATGCGGTTACCGGCGTGGACTATTCCTATGCGGAGTATTTGGAAAAGTCGTGTTGTCTGGGCAAGGCGTTACAGAATTATGGCCTGGTGGTCGATGGCCGTATCGCGCTGTGCAGCGAGAACTGTGAAGAGTTTTTCATTCCGGTGATCGCGGGTTTGTTTATTGGCGTGGGCGTTGCACCGACCAATGAAATCTACACGCTGCGCGAACTGGTGCACTCCCTGGGTATCTCTAAGCCGACGATCGTTTTCAGCTCCAAGAAAGGTTTGGATAAAGTTATTACGGTGCAAAAGACGGTCACCACGATCAAAACGATTGTGATCCTGGACAGCAAAGTTGATTACCGCGGTTATCAATGCCTGGATACGTTCATCAAGCGTAACACCCCGCCAGGTTTTCAAGCATCTAGCTTCAAAACGGTGGAGGTTGACCGTAAAGAACAAGTCGCACTGATTATGAATAGCTCGGGTAGCACGGGCCTGCCAAAGGGTGTGCAGCTGACCCATGAAAACACCGTTACCCGTTTTAGCCACGCGCGTGATCCGATTTACGGCAATCAAGTGTCGCCGGGTACGGCTGTTCTGACTGTTGTCCCTTTTCACCATGGTTTTGGCATGTTTACCACTCTGGGTTACCTGATTTGCGGTTTTCGCGTCGTTATGCTGACCAAGTTTGATGAAGAAACCTTCCTGAAAACCCTGCAAGACTACAAGTGCACTAATGTGATTCTGGTCCCGACGCTGTTCGCGATCCTGAACAAAAGCGAGCTGCTGAATAAGTACGACCTGAGCAATTTGGTGGAGATTGCGAGCGGCGGTGCTCCGTTGAGCAAAGAAGTAGGCGAGGCAGTGGCACGTCGCTTTAACCTGCCTGGCGTCCGTCAAGGTTACGGTTTGACTGAAACCACGAGCGCGATTATCATCACCCCGGAAGGTGACGATAAACCTGGCGCTAGCGGTAAGGTCGTGCCGTTGTTCAAGGCTAAAGTTATTGATCTGGACACCAAGAAGAGCCTGGGCCCGAATCGCCGTGGTGAAGTTTGCGTTAAGGGCCCGATGCTGATGAAAGGTTATGTAAACAATCCGGAAGCAACGAAAGAGCTGATCGACGAAGAGGGCTGGCTGCACACTGGCGATATCGGCTACTACGATGAAGAGAAACACTTTTTCATTGTTGATCGCCTGAAAAGCCTGATCAAGTACAAGGGTTACCAAGTCCCGCCAGCGGAGCTGGAAAGCGTACTGTTGCAGCACCCGTCGATTTTCGACGCCGGTGTGGCTGGTGTGCCTGATCCGGTGGCTGGCGAACTGCCGGGTGCTGTCGTGGTGCTGGAGAGCGGTAAGAATATGACCGAAAAAGAAGTCATGGACTATGTGGCGAGCCAAGTGTCCAATGCAAAACGTCTGCGTGGCGGTGTTCGCTTTGTGGACGAAGTGCCGAAAGGTCTGACCGGCAAAATTGACGGTCGTGCAATTCGTGAGATTCTGAAGAAACCGGTCGCGAAAATGTAATAA",
      "name": "BBa_K325219",
      "description": "Red Firefly Luciferase and LRE (under pBAD)L. Cruciata(E. coli optimised)"
    }
  },
  {
    "pk": 3,
    "model": "fragment.gene",
    "fields": {
      "owner": 1,
      "origin": "BB",
      "sequence": "CTGCACTTACACATTCGTTAAGTCATATATGTTTTTGACTTATCCGCTTCGAAGAGAGACACTACCTGCAAT",
      "name": "BBa_K190015",
      "description": "Arsenic Promoter (ArsR regulated)"
    }
  },
  {
    "pk": 4,
    "model": "fragment.gene",
    "fields": {
      "owner": 1,
      "origin": "BB",
      "sequence": "TTATGACAACTTGACGGCTACATCATTCACTTTTTCTTCACAACCGGCACGGAACTCGCTCGGGCTGGCCCCGGTGCATTTTTTAAATACCCGCGAGAAATAGAGTTGATCGTCAAAACCAACATTGCGACCGACGGTGGCGATAGGCATCCGGGTGGTGCTCAAAAGCAGCTTCGCCTGGCTGATACGTTGGTCCTCGCGCCAGCTTAAGACGCTAATCCCTAACTGCTGGCGGAAAAGATGTGACAGACGCGACGGCGACAAGCAAACATGCTGTGCGACGCTGGCGATATCAAAATTGCTGTCTGCCAGGTGATCGCTGATGTACTGACAAGCCTCGCGTACCCGATTATCCATCGGTGGATGGAGCGACTCGTTAATCGCTTCCATGCGCCGCAGTAACAATTGCTCAAGCAGATTTATCGCCAGCAGCTCCGAATAGCGCCCTTCCCCTTGCCCGGCGTTAATGATTTGCCCAAACAGGTCGCTGAAATGCGGCTGGTGCGCTTCATCCGGGCGAAAGAACCCCGTATTGGCAAATATTGACGGCCAGTTAAGCCATTCATGCCAGTAGGCGCGCGGACGAAAGTAAACCCACTGGTGATACCATTCGCGAGCCTCCGGATGACGACCGTAGTGATGAATCTCTCCTGGCGGGAACAGCAAAATATCACCCGGTCGGCAAACAAATTCTCGTCCCTGATTTTTCACCACCCCCTGACCGCGAATGGTGAGATTGAGAATATAACCTTTCATTCCCAGCGGTCGGTCGATAAAAAAATCGAGATAACCGTTGGCCTCAATCGGCGTTAAACCCGCCACCAGATGGGCATTAAACGAGTATCCCGGCAGCAGGGGATCATTTTGCGCTTCAGCCATACTTTTCATACTCCCGCCATTCAGAGAAGAAACCAATTGTCCATATTGCATCAGACATTGCCGTCACTGCGTCTTTTACTGGCTCTTCTCGCTAACCAAACCGGTAACCCCGCTTATTAAAAGCATTCTGTAACAAAGCGGGACCAAAGCCATGACAAAAACGCGTAACAAAAGTGTCTATAATCACGGCAGAAAAGTCCACATTGATTATTTGCACGGCGTCACACTTTGCTATGCCATAGCATTTTTATCCATAAGATTAGCGGATCCTACCTGACGCTTTTTATCGCAACTCTCTACTGTTTCTCCATACCCGTTTTTTTGGGCTAGCAGGGAAAATAATGAATAAATGTATTCCAATGATAATTAATGGAATGATTCAAGATTTTGATAATTATGCATATAAAGAAGTTAAACTAAATAATGATAATAGAGTAAAATTATCTGTCATTACTGAAAGTTCAGTTTCAAAAACATTAAATATCAAAGATAGAATTAATCTAAATTTAAATCAGATTGTGAATTTTTTATATACCGTTGGTCAACGATGGAAAAGTGAAGAATATAATCGGCGACGAACCTATATCCGTGAGTTAAAAACATATCTTGGTTATTCTGATGAAATGGCAAGATTAGAAGCGAATTGGATTGCAATGTTATTGTGCTCTAAAAGTGCTTTGTATGACATTGTTAATTATGATTTGGGCTCTATACACGTATTAGATGAATGGCTTCCACGTGGTGATTGCTATGTTAAAGCACAACCGAAAGGTGTTTCTGTTCACTTGTTAGCTGGTAATGTTCCATTATCAGGAGTGACATCTATTTTGCGTGCTATTTTAACAAAAAATGAGTGCATTATTAAAACTTCGTCTTCAGATCCTTTTACTGCAAACGCTTTAGTTTCCAGTTTTATTGATGTTAATGCAGACCATCCAATAACCAAATCAATGTCTGTTATGTATTGGCCGCATGATGAAGATATGACTCTATCTCAAAGAATAATGAATCATGCCGACGTGGTTATTGCTTGGGGTGGAGACGAGGCGATTAAATGGGCGGTAAAATATTCACCACCGCATGTCGATATTCTGAAATTTGGACCAAAGAAAAGCTTAAGTATTATTGAAGCTCCTAAAGATATAGAAGCCGCAGCAATGGGGGTTGCTCATGATATTTGTTTCTATGACCAGCAAGCCTGCTTCTCTACTCAAGACGTTTATTATATAGGAGATAATTTACCTTTATTTTTAAATGAACTTGAAAAACAGCTAGATCGATACGCGAAAATTTTACCAAAAGGTTCAAATAGTTTTGATGAAAAAGCGGCGTTTACTCTTACTGAAAAAGAAAGTCTATTTGCTGGATATGAAGTGAGAAAGGGAGATAAGCAAGCTTGGTTAATAGTCGTATCACCTACAAATAGCTTTGGAAATCAACCGCTATCACGAAGTGTGTATGTTCATCAAGTATCTGATATTAAAGAGATAATTCCTTTTGTTAATAAAAATAGAACACAAACTGTTTCTATTTATCCTTGGGAAGCGTCATTAAAATATCGAGATAAATTAGCAAGAAGTGGAGTTGAAAGAATTGTTGAATCAGGCATGAATAATATTTTCAGAGTTGGAGGGGCTCATGATTCATTATCTCCTCTCCAGTACCTAGTTAGGTTTGTATCGCATGAGAGACCATTTAATTATACGACAAAAGATGTTGCGGTTGAAATCGAACAAACACGTTACTTAGAGGAAGATAAGTTTTTAGTTTTTGTCCCATAGTTAAAGGAAATTATATGAAAGATGAAAGTGCTTTTTTTACGATTGATCACATCATCAAGCTTGATAATGGTCAGTCTATCCGAGTTTGGGAAACACTCCCTAAAAAGAACGTACCAGAGAAAAAACATACAATACTTATTGCTTCGGGTTTTGCTAGAAGAATGGATCATTTTGCAGGTCTTGCTGAGTATTTATCTACTAACGGTTTTCATGTCATTCGCTACGATTCTTTGCATCATGTTGGATTAAGCAGTGGATGTATAAATGAATTTACGATGTCGATTGGAAAAAATAGCCTGCTTACAGTCGTAGATTGGCTTACAGATCATGGTGTCGAACGAATAGGGCTGATTGCTGCTAGTTTGTCAGCGAGAATCGCCTATGAGGTAGTAAATAAAATTAAATTATCATTTTTAATTACGGCCGTAGGTGTCGTTAATCTTAGAGATACATTAGAAAAAGCATTGGAGTATGACTATTTGCAATTACCTATTTCAGAGTTACCAGAAGATCTTGACTTTGAAGGTCATAATTTAGGATCGGAGGTCTTTGTTACAGATTGCTTTAAACATAATTGGGACACGTTAGACTCGACACTTAATAGTGTTAAAGGATTAGCGATTCCATTTATTGCTTTTACTGCAAACGATGATAGTTGGGTAAAGCAAAGTGAAGTTATAGAGCTCATTGATAGCATTGAATCTAGTAATTGTAAGCTCTATTCGCTAATTGGAAGTTCACATGATCTTGGGGAAAATTTGGTTGTATTAAGAAATTTTTATCAATCAGTGACGAAGGCAGCCTTAGCATTAGATGATGGTTTATTGGATTTAGAGATAGACATTATTGAACCTCGATTTGAGGACGTTACAAGTATTACTGTTAAGGAGCGTAGATTAAAAAATGAAATTGAAAATGAATTATTAGAATTGGCTTAAATAAACAGAATCACCAAAAAGGAATAGAGTATGAAGTTTGGAAATATTTGTTTTTCGTATCAACCACCAGGTGAAACTCATAAGCAAGTAATGGATCGCTTTGTTCGGCTTGGTATCGCCTCAGAAGAGGTAGGGTTTGATACATATTGGACCTTAGAACATCATTTTACAGAGTTTGGTCTTACGGGAAATTTATTTGTTGCTGCGGCTAACCTGTTAGGAAGAACTAAAACATTAAATGTTGGCACTATGGGGGTTGTTATTCCGACAGCACACCCAGTTCGACAGTTAGAAGACGTTTTATTATTAGATCAAATGTCGAAAGGTCGTTTTAATTTTGGAACCGTTCGAGGGCTATACCATAAAGATTTTCGAGTATTTGGTGTTGATATGGAAGAGTCTCGAGCAATTACTCAAAATTTCTACCAGATGATAATGGAAAGCTTACAGACAGGAACCATTAGCTCTGATAGTGATTACATTCAATTTCCTAAGGTTGATGTATATCCCAAAGTGTACTCAAAAAATGTACCAACCTGTATGACTGCTGAGTCCGCAAGTACGACAGAATGGCTAGCAATACAAGGGCTACCAATGGTTCTTAGTTGGATTATTGGTACTAATGAAAAAAAAGCACAGATGGAACTCTATAATGAAATTGCGACAGAATATGGTCATGATATATCTAAAATAGATCATTGTATGACTTATATTTGTTCTGTTGATGATGATGCACAAAAGGCGCAAGATGTTTGTCGGGAGTTTCTGAAAAATTGGTATGACTCATATGTAAATGCGACCAATATCTTTAATGATAGCAATCAAACTCGTGGTTATGATTATCATAAAGGTCAATGGCGTGATTTTGTTTTACAAGGACATACAAACACCAATCGACGTGTTGATTATAGCAATGGTATTAACCCTGTAGGCACTCCTGAGCAGTGTATTGAAATCATTCAACGTGATATTGATGCAACGGGTATTACAAACATTACATGCGGATTTGAAGCTAATGGAACTGAAGATGAAATAATTGCTTCCATGCGACGCTTTATGACACAAGTCGCTCCTTTCTTAAAAGAACCTAAATAAATTACTTATTTGATACTAGAGATAATAAGGAACAAGTTATGAAATTTGGATTATTTTTTCTAAACTTTCAGAAAGATGGAATAACATCTGAAGAAACGTTGGATAATATGGTAAAGACTGTCACGTTAATTGATTCAACTAAATATCATTTTAATACTGCCTTTGTTAATGAACATCACTTTTCAAAAAATGGTATTGTTGGAGCACCTATTACCGCAGCTGGTTTTTTATTAGGGTTAACAAATAAATTACATATTGGTTCATTAAATCAAGTAATTACCACCCATCACCCTGTACGTGTAGCAGAAGAAGCCAGTTTATTAGATCAAATGTCAGAGGGACGCTTCATTCTTGGTTTTAGTGACTGCGAAAGTGATTTCGAAATGGAATTTTTTAGACGTCATATCTCATCAAGGCAACAACAATTTGAAGCATGCTATGAAATAATTAATGACGCATTAACTACAGGTTATTGTCATCCCCAAAACGACTTTTATGATTTTCCAAAGGTTTCAATTAATCCACACTGTTACAGTGAGAATGGACCTAAGCAATATGTATCCGCTACATCAAAAGAAGTCGTCATGTGGGCAGCGAAAAAGGCACTGCCTTTAACATTTAAGTGGGAGGATAATTTAGAAACCAAAGAACGCTATGCAATTCTATATAATAAAACAGCACAACAATATGGTATTGATATTTCGGATGTTGATCATCAATTAACTGTAATTGCGAACTTAAATGCTGATAGAAGTACGGCTCAAGAAGAAGTGAGAGAATACTTAAAAGACTATATCACTGAAACTTACCCTCAAATGGACAGAGATGAAAAAATTAACTGCATTATTGAAGAGAATGCAGTTGGGTCTCATGATGACTATTATGAATCGACAAAATTAGCAGTGGAAAAAACAGGGTCTAAAAATATTTTATTATCCTTTGAATCAATGTCCGATATTAAAGATGTAAAAGATATTATTGATATGTTGAACCAAAAAATCGAAATGAATTTACCATAATAAAATTAAAGGCAATTTCTATATTAGATTGCCTTTTTAAATTTCTGTTGATATTAGGTATTACTGGAGAGGGTATGACTGTCCATACTGAATATAAAAGAAATCAAATCATTGCTAGTTCAGAAATTGATGATCTTATCTTTATGACGAAACCACAAGAGTGGTCATTTGAAGAGCAAAAAGAAATACGGGATAAATTAGTTCGTGAGGCTTTTTATTTTCACTACAATAGAAATGAAGAATATAGAAATTATTGTATCAATCAGCATGTGAGTGATAATTTACACACTATTGATGAAATACCCGTGTTTCCAACATCTGTTTTTAAATATAAGAAATTACATACTGTCACAGCCGAGGACATTGAAAATTGGTATACAAGTAGTGGAACTCGTGGAGTAAAAAGTCATATTGCACGTGATCGTCTTAGCATTGAACGCTTGCTTGGTTCTGTCAACTTCGGAATGAAATACGTTGGAGATTGGTTTGAGCATCAAATGGAATTGATAAATTTAGGACCAGATAGATTCAATACAAATAATATTTGGTTTAAATATGTCATGAGTTTGGTCGAGTTACTTTATCCGACTGAATTTACAGTTGATAATGACAAAATAGATTTTGAAAAAACAGTAAAACATCTATTTAGAATTAAGAATAGTAAAAAAGACATTTGCTTAATTGGGCCACCATTTTTTGTGTATCTTTTGTGCCAATATATGAAAGAAAACAATATTGAATTTAAAGGAGGAGATAGAGTACATATTATTACTGGTGGAGGATGGAAATCTAATCAGAATGACTCTTTAGATCGTGCTGATTTTAATCAATTATTAATGGATACTTTCCAACTCGACAAGATTAATCAAATTAGAGATACCTTTAATCAAGTTGAGCTTAATACTTGTTTTTTTGAAGATGAATTTCAAAGAAAACATGTTCCACCGTGGGTATATGCTCGGGCTCTTGATCCTGAAACCTTGAAACCCGTAGCAGATGGTGAGATCGGGTTGTTAAGTTATATGGACGCCTCATCAACTGCTTACCCTGCTTTTATTGTTACTGATGATATCGGTATTGTAAAAGAAATTAGAGAACCAGATCCTTACCCAGGGGTAACTGTTGAGATTGTTCGGCGCTTAAATACACGTGCGCAAAAAGGATGCGCGCTCTCTATGGCTAATGTCATACAAAAGAATATCAAGGATTAAGTTATGATTGTTGATGGTAGAGTTTCAAAAATAGTATTAGCGTCAATAAGAAATAATATATATAAGGTATTTATTACTGTAAATTCACCAATAAAGTTCATCGCTGGACAATTTGTAATGGTCACGATTAATGGGAAAAAATGCCCTTTTTCAATTGCGAATTGCCCGACAAAAAATTACGAAATAGAATTGCATATTGGTAGTTCGAATAGAGACTGCTCATTGGATATTATCGAATATTTTGTCGATGCTCTTGTTGAGGAAGTCGCAATTGAGTTAGATGCTCCCCATGGAAACGCTTGGTTACGGTCTGAAAGTAATAACCCATTGCTATTAATTGCGGGAGGTACAGGTTTATCATATATAAATAGCATTCTAACAAATTGCTTAAATAGGAATATACCTCAAGATATTTATCTTTACTGGGGAGTAAAAGACAGTTCTCTTTTGTATGAAGATGAAGAGTTACTAAACTTATCACTAAACAACAAAAACTTTCATTATATTCCTGTTATTGAAGATAAAAGTGAAGAATGGATAGGGAGAAAAGGCACTGTTCTTGATGCTGTCATGGAAGATTTTACTGATCTTACTTATTTTGATATTTATGTTTGTGGACCCTTCATGATGGCTAAAACAGCAAAAGAAAAATTAATTGAAGAGAAAAAAGCAAAGTCAGAACAGATGTTTGCCGATGCTTTTGCATACGTATAA",
      "name": "BBa_K325909",
      "description": "Lux Operon (under pBAD)Vibrio Fischeri"
    }
  },
  {
    "pk": 5,
    "model": "fragment.gene",
    "fields": {
      "owner": 1,
      "origin": "NT",
      "sequence": "CATTAACCTATAAAAATAGGCGTATCACGAGGCAGAATTTCAGATAAAAAAAATCCTTAGCTTTCGCTAAGGATGATTTCTGGAATTCGCGGCCGCTTCTAGAGCCACACGCGCTCTCCCCCAGTGTGAGAGTGTGGGGGAGAGCGCGTGTCCGTCTAGAGTCCCTATCAGTGATAGAGATTGACATCCCTATCAGTGATAGAGATACTGAGCACTACTAGAGTCACACAGGAAAGTACTAGATGCGTAAAGGAGAAGAACTTTTCACTGGAGTTGTCCCAATTCTTGTTGAATTAGATGGTGATGTTAATGGGCACAAATTTTCTGTCAGTGGAGAGGGTGAAGGTGATGCAACATACGGAAAACTTACCCTTAAATTTATTTGCACTACTGGAAAACTACCTGTTCCATGGCCAACACTTGTCACTACTTTCGGTTATGGTGTTCAATGCTTTGCGAGATACCCAGATCATATGAAACAGCATGACTTTTTCAAGAGTGCCATGCCCGAAGGTTATGTACAGGAAAGAACTATATTTTTCAAAGATGACGGGAACTACAAGACACGTGCTGAAGTCAAGTTTGAAGGTGATACCCTTGTTAATAGAATCGAGTTAAAAGGTATTGATTTTAAAGAAGATGGAAACATTCTTGGACACAAATTGGAATACAACTATAACTCACACAATGTATACATCATGGCAGACAAACAAAAGAATGGAATCAAAGTTAACTTCAAAATTAGACACAACATTGAAGATGGAAGCGTTCAACTAGCAGACCATTATCAACAAAATACTCCAATTGGCGATGGCCCTGTCCTTTTACCAGACAACCATTACCTGTCCACACAATCTGCCCTTTCGAAAGATCCCAACGAAAAGAGAGACCACATGGTCCTTCTTGAGTTTGTAACAGCTGCTGGGATTACACATGGCATGGATGAACTATACAAATAATAATACTAGAGCCAGGCATCAAATAAAACGAAAGGCTCAGTCGAAAGACTGGGCCTTTCGTTTTATCTGTTGTTTGTCGGTGAACGCTCTCTACTAGAGTCACACTGGCTCACCTTCGGGTGGGCCTTTCTGCGTTTATATACTAGTAGCGGCCGCTGCAGCCACACGCGCTCTCCCCCATCCTACCATCCTGGGGGAGAGCGCGTGTCCGTCTAGAGCTGATCCTTCAACTCAGCAAAAGTTCGATTTATTCAACAAAGCCACGTTGTGTCTCAAAATCTCTGATGTTACATTGCACAAGATAAAAATATATCATCATGAACAATAAAACTGTCTGCTTACATAAACAGTAATACAAGGGGTGTTATGAGCCATATTCAACGGGAAACGTCTTGCTCCCGTCCGCGCTTAAACTCCAACATGGACGCTGATTTATATGGGTATAAATGGGCTCGCGATAATGTCGGGCAATCAGGTGCGACAATCTATCGCTTGTATGGGAAGCCCGATGCGCCAGAGTTGTTTCTGAAACATGGCAAAGGTAGCGTTGCCAATGATGTTACAGATGAGATGGTCCGTCTCAACTGGCTGACGGAGTTTATGCCTCTCCCGACCATCAAGCATTTTATCCGTACTCCTGATGATGCGTGGTTACTCACCACCGCGATTCCTGGGAAAACAGCCTTCCAGGTATTAGAAGAATATCCTGATTCAGGTGAAAATATTGTTGATGCGCTGGCCGTGTTCCTGCGCCGGTTACATTCGATTCCTGTTTGTAATTGTCCTTTTAACAGCGATCGTGTATTTCGTCTTGCTCAGGCGCAATCACGCATGAATAACGGTTTGGTTGATGCGAGTGATTTTGATGACGAGCGTAATGGCTGGCCTGTTGAACAAGTCTGGAAAGAAATGCACAAGCTCTTGCCATTCTCACCGGATTCAGTCGTCACTCATGGTGATTTCTCACTTGATAACCTTATTTTTGACGAGGGGAAATTAATAGGTTGTATTGATGTTGGACGGGTCGGAATCGCAGACCGTTACCAGGACCTTGCCATTCTTTGGAACTGCCTCGGTGAGTTTTCTCCTTCATTACAGAAACGGCTTTTTCAAAAATATGGTATTGATAATCCTGATATGAATAAATTGCAGTTTCATTTGATGCTCGATGAGTTTTTCTAATAATACTAGTAGCGGCCGCTGCAGCCACACGCGCTCTCCCCCACCAACCCCAATTGGGGGAGAGCGCGTGTCCGCTGCAGTCCGGCAAAAAAACGGGCAAGGTGTCACCACCCTGCCCTTTTTCTTTAAAACCGAAAAGATTACTTCGCGTTATGCAGGCTTCCTCGCTCACTGACTCGCTGCGCTCGGTCGTTCGGCTGCGGCGAGCGGTATCAGCTCACTCAAAGGCGGTAATACGGTTATCCACAGAATCAGGGGATAACGCAGGAAAGAACATGTGAGCAAAAGGCCAGCAAAAGGCCAGGAACCGTAAAAAGGCCGCGTTGCTGGCGTTTTTCCATAGGCTCCGCCCCCCTGACGAGCATCACAAAAATCGACGCTCAAGTCAGAGGTGGCGAAACCCGACAGGACTATAAAGATACCAGGCGTTTCCCCCTGGAAGCTCCCTCGTGCGCTCTCCTGTTCCGACCCTGCCGCTTACCGGATACCTGTCCGCCTTTCTCCCTTCGGGAAGCGTGGCGCTTTCTCATAGCTCACGCTGTAGGTATCTCAGTTCGGTGTAGGTCGTTCGCTCCAAGCTGGGCTGTGTGCACGAACCCCCCGTTCAGCCCGACCGCTGCGCCTTATCCGGTAACTATCGTCTTGAGTCCAACCCGGTAAGACACGACTTATCGCCACTGGCAGCAGCCACTGGTAACAGGATTAGCAGAGCGAGGTATGTAGGCGGTGCTACAGAGTTCTTGAAGTGGTGGCCTAACTACGGCTACACTAGAAGGACAGTATTTGGTATCTGCGCTCTGCTGAAGCCAGTTACCTTCGGAAAAAGAGTTGGTAGCTCTTGATCCGGCAAACAAACCACCGCTGGTAGCGGTGGTTTTTTTGTTTGCAAGCAGCAGATTACGCGCAGAAAAAAAGGATCTCAAGAAGATCCTTTGATCTTTTCTACGGGGTCTGACGCTCAGTGGAACGAAAACTCACGTTAAGGGATTTTGGTCATGAGATTATCAAAAAGGATCTTCACCTAGATCCTTTTAAATTAAAAATGAAGTTTTAAATCAATCTAAAGTATATATGAGTAAACTTGGTCTGACAGCTCGAGGCTTGGATTCTCACCAATAAAAAACGCCCGGCGGCAACCGAGCGTTCTGAACAAATCCAGATGGAGTTCTGAGGTCATTACTGGATCTATCAACAGGAGTCCAAGCGAGCTCGATATCAAATTACGCCCCGCCCTGCCACTCATCGCAGTACTGTTGTAATTCATTAAGCATTCTGCCGACATGGAAGCCATCACAAACGGCATGATGAACCTGAATCGCCAGCGGCATCAGCACCTTGTCGCCTTGCGTATAATATTTGCCCATGGTGAAAACGGGGGCGAAGAAGTTGTCCATATTGGCCACGTTTAAATCAAAACTGGTGAAACTCACCCAGGGATTGGCTGAGACGAAAAACATATTCTCAATAAACCCTTTAGGGAAATAGGCCAGGTTTTCACCGTAACACGCCACATCTTGCGAATATATGTGTAGAAACTGCCGGAAATCGTCGTGGTATTCACTCCAGAGCGATGAAAACGTTTCAGTTTGCTCATGGAAAACGGTGTAACAAGGGTGAACACTATCCCATATCACCAGCTCACCGTCTTTCATTGCCATACGAAATTCCGGATGAGCATTCATCAGGCGGGCAAGAATGTGAATAAAGGCCGGATAAAACTTGTGCTTATTTTTCTTTACGGTCTTTAAAAAGGCCGTAATATCCAGCTGAACGGTCTGGTTATAGGTACATTGAGCAACTGACTGAAATGCCTCAAAATGTTCTTTACGATGCCATTGGGATATATCAACGGTGGTATATCCAGTGATTTTTTTCTCCATTTTAGCTTCCTTAGCTCCTGAAAATCTCGATAACTCAAAAAATACGCCCGGTAGTGATCTTATTTCATTATGGTGAAAGTTGGAACCTCTTACGTGCCCGATCAACTCGAGTGCCACTTGACGTCTAAGAAACCATTATTATCATGA",
      "name": "HD065425",
      "description": "Sequence 52 from Patent WO2010070295."
    }
  },
  {
    "pk": 1,
    "model": "fragment.feature",
    "fields": {
      "start": 1,
      "direction": "f",
      "end": 21,
      "type": "misc_feature",
      "gene": 1
    }
  },
  {
    "pk": 2,
    "model": "fragment.feature",
    "fields": {
      "start": 22,
      "direction": "f",
      "end": 93,
      "type": "stem_loop",
      "gene": 1
    }
  },
  {
    "pk": 3,
    "model": "fragment.feature",
    "fields": {
      "start": 30,
      "direction": "f",
      "end": 64,
      "type": "stem_loop",
      "gene": 1
    }
  },
  {
    "pk": 4,
    "model": "fragment.feature",
    "fields": {
      "start": 157,
      "direction": "f",
      "end": 176,
      "type": "primer_bind",
      "gene": 1
    }
  },
  {
    "pk": 5,
    "model": "fragment.feature",
    "fields": {
      "start": 261,
      "direction": "f",
      "end": 875,
      "type": "misc",
      "gene": 1
    }
  },
  {
    "pk": 6,
    "model": "fragment.feature",
    "fields": {
      "start": 276,
      "direction": "r",
      "end": 276,
      "type": "misc",
      "gene": 1
    }
  },
  {
    "pk": 7,
    "model": "fragment.feature",
    "fields": {
      "start": 1042,
      "direction": "f",
      "end": 1147,
      "type": "stem_loop",
      "gene": 1
    }
  },
  {
    "pk": 8,
    "model": "fragment.feature",
    "fields": {
      "start": 1160,
      "direction": "f",
      "end": 1819,
      "type": "CDS",
      "gene": 1
    }
  },
  {
    "pk": 9,
    "model": "fragment.feature",
    "fields": {
      "start": 1933,
      "direction": "f",
      "end": 1952,
      "type": "primer_bind",
      "gene": 1
    }
  },
  {
    "pk": 10,
    "model": "fragment.feature",
    "fields": {
      "start": 2009,
      "direction": "f",
      "end": 2012,
      "type": "stem_loop",
      "gene": 1
    }
  },
  {
    "pk": 11,
    "model": "fragment.feature",
    "fields": {
      "start": 2022,
      "direction": "f",
      "end": 2041,
      "type": "stem_loop",
      "gene": 1
    }
  },
  {
    "pk": 12,
    "model": "fragment.feature",
    "fields": {
      "start": 2051,
      "direction": "f",
      "end": 2072,
      "type": "misc_feature",
      "gene": 1
    }
  },
  {
    "pk": 13,
    "model": "fragment.feature",
    "fields": {
      "start": 1,
      "direction": "f",
      "end": 1079,
      "type": "misc",
      "gene": 2
    }
  },
  {
    "pk": 14,
    "model": "fragment.feature",
    "fields": {
      "start": 1,
      "direction": "f",
      "end": 1210,
      "type": "misc_feature",
      "gene": 2
    }
  },
  {
    "pk": 15,
    "model": "fragment.feature",
    "fields": {
      "start": 1043,
      "direction": "f",
      "end": 1114,
      "type": "promoter",
      "gene": 2
    }
  },
  {
    "pk": 16,
    "model": "fragment.feature",
    "fields": {
      "start": 1080,
      "direction": "f",
      "end": 1210,
      "type": "promoter",
      "gene": 2
    }
  },
  {
    "pk": 17,
    "model": "fragment.feature",
    "fields": {
      "start": 1219,
      "direction": "f",
      "end": 3841,
      "type": "misc_feature",
      "gene": 2
    }
  },
  {
    "pk": 18,
    "model": "fragment.feature",
    "fields": {
      "start": 1219,
      "direction": "f",
      "end": 1235,
      "type": "RBS",
      "gene": 2
    }
  },
  {
    "pk": 19,
    "model": "fragment.feature",
    "fields": {
      "start": 1236,
      "direction": "f",
      "end": 2162,
      "type": "mat_peptide",
      "gene": 2
    }
  },
  {
    "pk": 20,
    "model": "fragment.feature",
    "fields": {
      "start": 2163,
      "direction": "f",
      "end": 2168,
      "type": "misc_feature",
      "gene": 2
    }
  },
  {
    "pk": 21,
    "model": "fragment.feature",
    "fields": {
      "start": 2169,
      "direction": "f",
      "end": 2174,
      "type": "misc_binding",
      "gene": 2
    }
  },
  {
    "pk": 22,
    "model": "fragment.feature",
    "fields": {
      "start": 2175,
      "direction": "f",
      "end": 2191,
      "type": "RBS",
      "gene": 2
    }
  },
  {
    "pk": 23,
    "model": "fragment.feature",
    "fields": {
      "start": 2192,
      "direction": "f",
      "end": 3835,
      "type": "mat_peptide",
      "gene": 2
    }
  },
  {
    "pk": 24,
    "model": "fragment.feature",
    "fields": {
      "start": 3048,
      "direction": "r",
      "end": 3048,
      "type": "misc_difference",
      "gene": 2
    }
  },
  {
    "pk": 25,
    "model": "fragment.feature",
    "fields": {
      "start": 3836,
      "direction": "f",
      "end": 3841,
      "type": "misc_feature",
      "gene": 2
    }
  },
  {
    "pk": 26,
    "model": "fragment.feature",
    "fields": {
      "start": 9,
      "direction": "f",
      "end": 41,
      "type": "misc_binding",
      "gene": 3
    }
  },
  {
    "pk": 27,
    "model": "fragment.feature",
    "fields": {
      "start": 38,
      "direction": "f",
      "end": 72,
      "type": "promoter",
      "gene": 3
    }
  },
  {
    "pk": 28,
    "model": "fragment.feature",
    "fields": {
      "start": 1,
      "direction": "f",
      "end": 1079,
      "type": "misc",
      "gene": 4
    }
  },
  {
    "pk": 29,
    "model": "fragment.feature",
    "fields": {
      "start": 1043,
      "direction": "f",
      "end": 1114,
      "type": "promoter",
      "gene": 4
    }
  },
  {
    "pk": 30,
    "model": "fragment.feature",
    "fields": {
      "start": 1080,
      "direction": "f",
      "end": 1210,
      "type": "misc",
      "gene": 4
    }
  },
  {
    "pk": 31,
    "model": "fragment.feature",
    "fields": {
      "start": 1211,
      "direction": "f",
      "end": 1230,
      "type": "RBS",
      "gene": 4
    }
  },
  {
    "pk": 32,
    "model": "fragment.feature",
    "fields": {
      "start": 1231,
      "direction": "f",
      "end": 2660,
      "type": "CDS",
      "gene": 4
    }
  },
  {
    "pk": 33,
    "model": "fragment.feature",
    "fields": {
      "start": 2664,
      "direction": "f",
      "end": 2668,
      "type": "RBS",
      "gene": 4
    }
  },
  {
    "pk": 34,
    "model": "fragment.feature",
    "fields": {
      "start": 2675,
      "direction": "f",
      "end": 3578,
      "type": "CDS",
      "gene": 4
    }
  },
  {
    "pk": 35,
    "model": "fragment.feature",
    "fields": {
      "start": 3616,
      "direction": "f",
      "end": 3621,
      "type": "RBS",
      "gene": 4
    }
  },
  {
    "pk": 36,
    "model": "fragment.feature",
    "fields": {
      "start": 3629,
      "direction": "f",
      "end": 4693,
      "type": "CDS",
      "gene": 4
    }
  },
  {
    "pk": 37,
    "model": "fragment.feature",
    "fields": {
      "start": 4719,
      "direction": "f",
      "end": 4724,
      "type": "RBS",
      "gene": 4
    }
  },
  {
    "pk": 38,
    "model": "fragment.feature",
    "fields": {
      "start": 4732,
      "direction": "f",
      "end": 5712,
      "type": "CDS",
      "gene": 4
    }
  },
  {
    "pk": 39,
    "model": "fragment.feature",
    "fields": {
      "start": 5775,
      "direction": "f",
      "end": 5781,
      "type": "RBS",
      "gene": 4
    }
  },
  {
    "pk": 40,
    "model": "fragment.feature",
    "fields": {
      "start": 5826,
      "direction": "f",
      "end": 6923,
      "type": "CDS",
      "gene": 4
    }
  },
  {
    "pk": 41,
    "model": "fragment.feature",
    "fields": {
      "start": 6915,
      "direction": "f",
      "end": 6919,
      "type": "RBS",
      "gene": 4
    }
  },
  {
    "pk": 42,
    "model": "fragment.feature",
    "fields": {
      "start": 6927,
      "direction": "f",
      "end": 7637,
      "type": "CDS",
      "gene": 4
    }
  },
  {
    "pk": 43,
    "model": "fragment.feature",
    "fields": {
      "start": 0,
      "direction": "f",
      "end": 4168,
      "type": "source",
      "gene": 5
    }
  },
  {
    "pk": 44,
    "model": "fragment.feature",
    "fields": {
      "start": 0,
      "direction": "f",
      "end": 103,
      "type": "misc_feature",
      "gene": 5
    }
  },
  {
    "pk": 45,
    "model": "fragment.feature",
    "fields": {
      "start": 103,
      "direction": "f",
      "end": 106,
      "type": "misc_feature",
      "gene": 5
    }
  },
  {
    "pk": 46,
    "model": "fragment.feature",
    "fields": {
      "start": 106,
      "direction": "f",
      "end": 151,
      "type": "primer_bind",
      "gene": 5
    }
  },
  {
    "pk": 47,
    "model": "fragment.feature",
    "fields": {
      "start": 151,
      "direction": "f",
      "end": 154,
      "type": "misc_feature",
      "gene": 5
    }
  },
  {
    "pk": 48,
    "model": "fragment.feature",
    "fields": {
      "start": 154,
      "direction": "f",
      "end": 1119,
      "type": "misc_feature",
      "gene": 5
    }
  },
  {
    "pk": 49,
    "model": "fragment.feature",
    "fields": {
      "start": 1119,
      "direction": "f",
      "end": 1122,
      "type": "misc_feature",
      "gene": 5
    }
  },
  {
    "pk": 50,
    "model": "fragment.feature",
    "fields": {
      "start": 1122,
      "direction": "f",
      "end": 1167,
      "type": "primer_bind",
      "gene": 5
    }
  },
  {
    "pk": 51,
    "model": "fragment.feature",
    "fields": {
      "start": 1167,
      "direction": "f",
      "end": 1170,
      "type": "misc_feature",
      "gene": 5
    }
  },
  {
    "pk": 52,
    "model": "fragment.feature",
    "fields": {
      "start": 1170,
      "direction": "f",
      "end": 2164,
      "type": "misc_feature",
      "gene": 5
    }
  },
  {
    "pk": 53,
    "model": "fragment.feature",
    "fields": {
      "start": 2164,
      "direction": "f",
      "end": 2167,
      "type": "misc_feature",
      "gene": 5
    }
  },
  {
    "pk": 54,
    "model": "fragment.feature",
    "fields": {
      "start": 2167,
      "direction": "f",
      "end": 2212,
      "type": "primer_bind",
      "gene": 5
    }
  },
  {
    "pk": 55,
    "model": "fragment.feature",
    "fields": {
      "start": 2212,
      "direction": "f",
      "end": 2215,
      "type": "misc_feature",
      "gene": 5
    }
  },
  {
    "pk": 56,
    "model": "fragment.feature",
    "fields": {
      "start": 2215,
      "direction": "f",
      "end": 4168,
      "type": "misc_feature",
      "gene": 5
    }
  },
  {
    "pk": 1,
    "model": "fragment.qualifier",
    "fields": {
      "data": "DNA: BioBrick suffix",
      "name": "label",
      "feature": 1
    }
  },
  {
    "pk": 2,
    "model": "fragment.qualifier",
    "fields": {
      "data": "E. coli his operon terminator",
      "name": "label",
      "feature": 2
    }
  },
  {
    "pk": 3,
    "model": "fragment.qualifier",
    "fields": {
      "data": "Stem loop",
      "name": "label",
      "feature": 3
    }
  },
  {
    "pk": 4,
    "model": "fragment.qualifier",
    "fields": {
      "data": "Verification reverse (VR) primer binding site",
      "name": "label",
      "feature": 4
    }
  },
  {
    "pk": 5,
    "model": "fragment.qualifier",
    "fields": {
      "data": "rep (pMB1)",
      "name": "gene",
      "feature": 5
    }
  },
  {
    "pk": 6,
    "model": "fragment.qualifier",
    "fields": {
      "data": "ORI",
      "name": "gene",
      "feature": 6
    }
  },
  {
    "pk": 7,
    "model": "fragment.qualifier",
    "fields": {
      "data": "T0 terminator",
      "name": "label",
      "feature": 7
    }
  },
  {
    "pk": 8,
    "model": "fragment.qualifier",
    "fields": {
      "data": "Chloramphenicol resistance",
      "name": "gene",
      "feature": 8
    }
  },
  {
    "pk": 9,
    "model": "fragment.qualifier",
    "fields": {
      "data": "Verification forward (VF2) primer binding site",
      "name": "label",
      "feature": 9
    }
  },
  {
    "pk": 10,
    "model": "fragment.qualifier",
    "fields": {
      "data": "end of terminator",
      "name": "label",
      "feature": 10
    }
  },
  {
    "pk": 11,
    "model": "fragment.qualifier",
    "fields": {
      "data": "Stem loop",
      "name": "label",
      "feature": 11
    }
  },
  {
    "pk": 12,
    "model": "fragment.qualifier",
    "fields": {
      "data": "DNA: BioBrick prefix",
      "name": "label",
      "feature": 12
    }
  },
  {
    "pk": 13,
    "model": "fragment.qualifier",
    "fields": {
      "data": "AraC",
      "name": "gene",
      "feature": 13
    }
  },
  {
    "pk": 14,
    "model": "fragment.qualifier",
    "fields": {
      "data": "BBa_I0500",
      "name": "label",
      "feature": 14
    }
  },
  {
    "pk": 15,
    "model": "fragment.qualifier",
    "fields": {
      "data": "PC",
      "name": "label",
      "feature": 15
    }
  },
  {
    "pk": 16,
    "model": "fragment.qualifier",
    "fields": {
      "data": "Pbad",
      "name": "label",
      "feature": 16
    }
  },
  {
    "pk": 17,
    "model": "fragment.qualifier",
    "fields": {
      "data": "BBa_K325210",
      "name": "label",
      "feature": 17
    }
  },
  {
    "pk": 18,
    "model": "fragment.qualifier",
    "fields": {
      "data": "Luciferin regenerating enzyme (L. cruciata)",
      "name": "product",
      "feature": 19
    }
  },
  {
    "pk": 19,
    "model": "fragment.qualifier",
    "fields": {
      "data": "stop: double stop codon",
      "name": "label",
      "feature": 20
    }
  },
  {
    "pk": 20,
    "model": "fragment.qualifier",
    "fields": {
      "data": "BamH1 site",
      "name": "label",
      "feature": 21
    }
  },
  {
    "pk": 21,
    "model": "fragment.qualifier",
    "fields": {
      "data": "Red luciferase (286) (L. cruciata)",
      "name": "product",
      "feature": 23
    }
  },
  {
    "pk": 22,
    "model": "fragment.qualifier",
    "fields": {
      "data": "Mut: G to A: Ser286Asn",
      "name": "label",
      "feature": 24
    }
  },
  {
    "pk": 23,
    "model": "fragment.qualifier",
    "fields": {
      "data": "stop: double stop codon",
      "name": "label",
      "feature": 25
    }
  },
  {
    "pk": 24,
    "model": "fragment.qualifier",
    "fields": {
      "data": "ArsR binding site",
      "name": "label",
      "feature": 26
    }
  },
  {
    "pk": 25,
    "model": "fragment.qualifier",
    "fields": {
      "data": "-35 and -10 region",
      "name": "label",
      "feature": 27
    }
  },
  {
    "pk": 26,
    "model": "fragment.qualifier",
    "fields": {
      "data": "AraC",
      "name": "gene",
      "feature": 28
    }
  },
  {
    "pk": 27,
    "model": "fragment.qualifier",
    "fields": {
      "data": "PC",
      "name": "label",
      "feature": 29
    }
  },
  {
    "pk": 28,
    "model": "fragment.qualifier",
    "fields": {
      "data": "pBAD",
      "name": "gene",
      "feature": 30
    }
  },
  {
    "pk": 29,
    "model": "fragment.qualifier",
    "fields": {
      "data": "putative rbs region",
      "name": "label",
      "feature": 31
    }
  },
  {
    "pk": 30,
    "model": "fragment.qualifier",
    "fields": {
      "data": "luxC",
      "name": "gene",
      "feature": 32
    }
  },
  {
    "pk": 31,
    "model": "fragment.qualifier",
    "fields": {
      "data": "putative rbs",
      "name": "label",
      "feature": 33
    }
  },
  {
    "pk": 32,
    "model": "fragment.qualifier",
    "fields": {
      "data": "luxD",
      "name": "gene",
      "feature": 34
    }
  },
  {
    "pk": 33,
    "model": "fragment.qualifier",
    "fields": {
      "data": "putative rbs",
      "name": "label",
      "feature": 35
    }
  },
  {
    "pk": 34,
    "model": "fragment.qualifier",
    "fields": {
      "data": "luxA",
      "name": "gene",
      "feature": 36
    }
  },
  {
    "pk": 35,
    "model": "fragment.qualifier",
    "fields": {
      "data": "putative rbs",
      "name": "label",
      "feature": 37
    }
  },
  {
    "pk": 36,
    "model": "fragment.qualifier",
    "fields": {
      "data": "luxB",
      "name": "gene",
      "feature": 38
    }
  },
  {
    "pk": 37,
    "model": "fragment.qualifier",
    "fields": {
      "data": "putative rbs",
      "name": "label",
      "feature": 39
    }
  },
  {
    "pk": 38,
    "model": "fragment.qualifier",
    "fields": {
      "data": "luxE",
      "name": "gene",
      "feature": 40
    }
  },
  {
    "pk": 39,
    "model": "fragment.qualifier",
    "fields": {
      "data": "putative rbs",
      "name": "label",
      "feature": 41
    }
  },
  {
    "pk": 40,
    "model": "fragment.qualifier",
    "fields": {
      "data": "luxG",
      "name": "gene",
      "feature": 42
    }
  },
  {
    "pk": 41,
    "model": "fragment.qualifier",
    "fields": {
      "data": "sequence of the entire pSB1C3.I7101.P1003 three part assembly (construct 5)",
      "name": "note",
      "feature": 43
    }
  },
  {
    "pk": 42,
    "model": "fragment.qualifier",
    "fields": {
      "data": "taxon:32630",
      "name": "db_xref",
      "feature": 43
    }
  },
  {
    "pk": 43,
    "model": "fragment.qualifier",
    "fields": {
      "data": "unassigned DNA",
      "name": "mol_type",
      "feature": 43
    }
  },
  {
    "pk": 44,
    "model": "fragment.qualifier",
    "fields": {
      "data": "synthetic construct",
      "name": "organism",
      "feature": 43
    }
  },
  {
    "pk": 45,
    "model": "fragment.qualifier",
    "fields": {
      "data": "pSB1C3",
      "name": "note",
      "feature": 44
    }
  },
  {
    "pk": 46,
    "model": "fragment.qualifier",
    "fields": {
      "data": "S_L overhang",
      "name": "note",
      "feature": 45
    }
  },
  {
    "pk": 47,
    "model": "fragment.qualifier",
    "fields": {
      "data": "Part/Linker Oligos",
      "name": "note",
      "feature": 46
    }
  },
  {
    "pk": 48,
    "model": "fragment.qualifier",
    "fields": {
      "data": "S_P overhang",
      "name": "note",
      "feature": 47
    }
  },
  {
    "pk": 49,
    "model": "fragment.qualifier",
    "fields": {
      "data": "I7101 (GFP)",
      "name": "note",
      "feature": 48
    }
  },
  {
    "pk": 50,
    "model": "fragment.qualifier",
    "fields": {
      "data": "S_L overhang",
      "name": "note",
      "feature": 49
    }
  },
  {
    "pk": 51,
    "model": "fragment.qualifier",
    "fields": {
      "data": "Part/Linker Oligos",
      "name": "note",
      "feature": 50
    }
  },
  {
    "pk": 52,
    "model": "fragment.qualifier",
    "fields": {
      "data": "S_P overhang",
      "name": "note",
      "feature": 51
    }
  },
  {
    "pk": 53,
    "model": "fragment.qualifier",
    "fields": {
      "data": "P1003 (kanR)",
      "name": "note",
      "feature": 52
    }
  },
  {
    "pk": 54,
    "model": "fragment.qualifier",
    "fields": {
      "data": "S_L overhang",
      "name": "note",
      "feature": 53
    }
  },
  {
    "pk": 55,
    "model": "fragment.qualifier",
    "fields": {
      "data": "Part/Linker Oligos",
      "name": "note",
      "feature": 54
    }
  },
  {
    "pk": 56,
    "model": "fragment.qualifier",
    "fields": {
      "data": "S_P overhang",
      "name": "note",
      "feature": 55
    }
  },
  {
    "pk": 57,
    "model": "fragment.qualifier",
    "fields": {
      "data": "pSB1C3",
      "name": "note",
      "feature": 56
    }
  }
]