[{"pk": 1, "model": "digest.manufacturer", "fields": {"name": "NEB"}}, {"pk": 2, "model": "digest.manufacturer", "fields": {"name": "Fermentas"}}, {"pk": 3, "model": "digest.manufacturer", "fields": {"name": "Promega"}}, {"pk": 1, "model": "digest.enzyme", "fields": {"name": "SacI"}}, {"pk": 2, "model": "digest.enzyme", "fields": {"name": "XbaI"}}, {"pk": 1, "model": "digest.brandedenzyme", "fields": {"enzyme": 1, "manufacturer": 1}}, {"pk": 2, "model": "digest.brandedenzyme", "fields": {"enzyme": 2, "manufacturer": 1}}, {"pk": 1, "model": "digest.enzymereactionbuffer", "fields": {"buffer": 1, "enzyme": 1, "activity": 100}}, {"pk": 2, "model": "digest.enzymereactionbuffer", "fields": {"buffer": 2, "enzyme": 1, "activity": 50}}, {"pk": 3, "model": "digest.enzymereactionbuffer", "fields": {"buffer": 3, "enzyme": 1, "activity": 10}}, {"pk": 4, "model": "digest.enzymereactionbuffer", "fields": {"buffer": 4, "enzyme": 1, "activity": 100}}, {"pk": 5, "model": "digest.enzymereactionbuffer", "fields": {"buffer": 1, "enzyme": 2, "activity": 0}}, {"pk": 6, "model": "digest.enzymereactionbuffer", "fields": {"buffer": 2, "enzyme": 2, "activity": 100}}, {"pk": 7, "model": "digest.enzymereactionbuffer", "fields": {"buffer": 3, "enzyme": 2, "activity": 75}}, {"pk": 8, "model": "digest.enzymereactionbuffer", "fields": {"buffer": 4, "enzyme": 2, "activity": 100}}, {"pk": 5, "model": "digest.buffer", "fields": {"pH": "7.5", "name": "Blue", "groups": [1], "manufacturer": 2}}, {"pk": 6, "model": "digest.buffer", "fields": {"pH": "7.5", "name": "Green", "groups": [2], "manufacturer": 2}}, {"pk": 17, "model": "digest.buffer", "fields": {"pH": "7.5", "name": "Orange", "groups": [3], "manufacturer": 2}}, {"pk": 8, "model": "digest.buffer", "fields": {"pH": "8.5", "name": "Red", "groups": [4], "manufacturer": 2}}, {"pk": 9, "model": "digest.buffer", "fields": {"pH": "7.9", "name": "Tango", "groups": [5], "manufacturer": 2}}, {"pk": 10, "model": "digest.buffer", "fields": {"pH": "8.0", "name": "TaqI", "groups": [6], "manufacturer": 2}}, {"pk": 1, "model": "digest.buffer", "fields": {"pH": "7.0", "name": "NEBuffer 1", "groups": [7], "manufacturer": 1}}, {"pk": 2, "model": "digest.buffer", "fields": {"pH": "7.9", "name": "NEBuffer 2", "groups": [2], "manufacturer": 1}}, {"pk": 3, "model": "digest.buffer", "fields": {"pH": "7.9", "name": "NEBuffer 3", "groups": [3], "manufacturer": 1}}, {"pk": 4, "model": "digest.buffer", "fields": {"pH": "7.9", "name": "NEBuffer 4", "groups": [5], "manufacturer": 1}}, {"pk": 11, "model": "digest.buffer", "fields": {"pH": "7.5", "name": "A", "groups": [1], "manufacturer": 3}}, {"pk": 12, "model": "digest.buffer", "fields": {"pH": "7.9", "name": "C", "groups": [2], "manufacturer": 3}}, {"pk": 13, "model": "digest.buffer", "fields": {"pH": "7.5", "name": "E", "groups": [6], "manufacturer": 3}}, {"pk": 14, "model": "digest.buffer", "fields": {"pH": "8.5", "name": "F", "groups": [4, 6], "manufacturer": 3}}, {"pk": 15, "model": "digest.buffer", "fields": {"pH": "7.5", "name": "H", "groups": [3], "manufacturer": 3}}, {"pk": 16, "model": "digest.buffer", "fields": {"pH": "7.5", "name": "MULTI-CORE", "groups": [5], "manufacturer": 3}}, {"pk": 1, "model": "digest.ingredient", "fields": {"name": "Tris-HCl", "unit": "mM", "order": 1}}, {"pk": 2, "model": "digest.ingredient", "fields": {"name": "MgCl2", "unit": "mM", "order": 2}}, {"pk": 3, "model": "digest.ingredient", "fields": {"name": "NaCl", "unit": "mM", "order": 3}}, {"pk": 4, "model": "digest.ingredient", "fields": {"name": "KCl", "unit": "mM", "order": 4}}, {"pk": 5, "model": "digest.ingredient", "fields": {"name": "Tris-acetate", "unit": "mM", "order": 5}}, {"pk": 6, "model": "digest.ingredient", "fields": {"name": "Mg-acetate", "unit": "mM", "order": 6}}, {"pk": 7, "model": "digest.ingredient", "fields": {"name": "K-acetate", "unit": "mM", "order": 7}}, {"pk": 8, "model": "digest.ingredient", "fields": {"name": "DTT", "unit": "mM", "order": 8}}, {"pk": 9, "model": "digest.ingredient", "fields": {"name": "DTE", "unit": "mM", "order": 9}}, {"pk": 10, "model": "digest.ingredient", "fields": {"name": "Bis-Tris-Propane-HCl", "unit": "mM", "order": 10}}, {"pk": 11, "model": "digest.ingredient", "fields": {"name": "2-Mercap-toethanol", "unit": "mM", "order": 11}}, {"pk": 12, "model": "digest.ingredient", "fields": {"name": "BSA", "unit": "mg/ml", "order": 12}}, {"pk": 16, "model": "digest.bufferingredient", "fields": {"buffer": 5, "concentration": "10.0", "ingredient": 1}}, {"pk": 17, "model": "digest.bufferingredient", "fields": {"buffer": 5, "concentration": "10.0", "ingredient": 2}}, {"pk": 52, "model": "digest.bufferingredient", "fields": {"buffer": 5, "concentration": "0.1", "ingredient": 12}}, {"pk": 18, "model": "digest.bufferingredient", "fields": {"buffer": 6, "concentration": "10.0", "ingredient": 1}}, {"pk": 19, "model": "digest.bufferingredient", "fields": {"buffer": 6, "concentration": "10.0", "ingredient": 2}}, {"pk": 20, "model": "digest.bufferingredient", "fields": {"buffer": 6, "concentration": "50.0", "ingredient": 3}}, {"pk": 53, "model": "digest.bufferingredient", "fields": {"buffer": 6, "concentration": "0.1", "ingredient": 12}}, {"pk": 21, "model": "digest.bufferingredient", "fields": {"buffer": 17, "concentration": "50.0", "ingredient": 1}}, {"pk": 22, "model": "digest.bufferingredient", "fields": {"buffer": 17, "concentration": "10.0", "ingredient": 2}}, {"pk": 23, "model": "digest.bufferingredient", "fields": {"buffer": 17, "concentration": "100.0", "ingredient": 3}}, {"pk": 54, "model": "digest.bufferingredient", "fields": {"buffer": 17, "concentration": "0.1", "ingredient": 12}}, {"pk": 24, "model": "digest.bufferingredient", "fields": {"buffer": 8, "concentration": "10.0", "ingredient": 1}}, {"pk": 25, "model": "digest.bufferingredient", "fields": {"buffer": 8, "concentration": "10.0", "ingredient": 2}}, {"pk": 26, "model": "digest.bufferingredient", "fields": {"buffer": 8, "concentration": "100.0", "ingredient": 4}}, {"pk": 55, "model": "digest.bufferingredient", "fields": {"buffer": 8, "concentration": "0.1", "ingredient": 12}}, {"pk": 27, "model": "digest.bufferingredient", "fields": {"buffer": 9, "concentration": "33.0", "ingredient": 5}}, {"pk": 28, "model": "digest.bufferingredient", "fields": {"buffer": 9, "concentration": "10.0", "ingredient": 6}}, {"pk": 30, "model": "digest.bufferingredient", "fields": {"buffer": 9, "concentration": "66.0", "ingredient": 7}}, {"pk": 56, "model": "digest.bufferingredient", "fields": {"buffer": 9, "concentration": "0.1", "ingredient": 12}}, {"pk": 31, "model": "digest.bufferingredient", "fields": {"buffer": 10, "concentration": "10.0", "ingredient": 1}}, {"pk": 32, "model": "digest.bufferingredient", "fields": {"buffer": 10, "concentration": "5.0", "ingredient": 2}}, {"pk": 33, "model": "digest.bufferingredient", "fields": {"buffer": 10, "concentration": "100.0", "ingredient": 3}}, {"pk": 29, "model": "digest.bufferingredient", "fields": {"buffer": 10, "concentration": "10.0", "ingredient": 6}}, {"pk": 57, "model": "digest.bufferingredient", "fields": {"buffer": 10, "concentration": "0.1", "ingredient": 12}}, {"pk": 1, "model": "digest.bufferingredient", "fields": {"buffer": 1, "concentration": "10.0", "ingredient": 2}}, {"pk": 3, "model": "digest.bufferingredient", "fields": {"buffer": 1, "concentration": "1.0", "ingredient": 8}}, {"pk": 2, "model": "digest.bufferingredient", "fields": {"buffer": 1, "concentration": "10.0", "ingredient": 10}}, {"pk": 4, "model": "digest.bufferingredient", "fields": {"buffer": 2, "concentration": "10.0", "ingredient": 1}}, {"pk": 5, "model": "digest.bufferingredient", "fields": {"buffer": 2, "concentration": "10.0", "ingredient": 2}}, {"pk": 6, "model": "digest.bufferingredient", "fields": {"buffer": 2, "concentration": "50.0", "ingredient": 3}}, {"pk": 7, "model": "digest.bufferingredient", "fields": {"buffer": 2, "concentration": "1.0", "ingredient": 8}}, {"pk": 8, "model": "digest.bufferingredient", "fields": {"buffer": 3, "concentration": "50.0", "ingredient": 1}}, {"pk": 9, "model": "digest.bufferingredient", "fields": {"buffer": 3, "concentration": "10.0", "ingredient": 2}}, {"pk": 10, "model": "digest.bufferingredient", "fields": {"buffer": 3, "concentration": "100.0", "ingredient": 3}}, {"pk": 11, "model": "digest.bufferingredient", "fields": {"buffer": 3, "concentration": "1.0", "ingredient": 8}}, {"pk": 12, "model": "digest.bufferingredient", "fields": {"buffer": 4, "concentration": "20.0", "ingredient": 5}}, {"pk": 13, "model": "digest.bufferingredient", "fields": {"buffer": 4, "concentration": "10.0", "ingredient": 6}}, {"pk": 14, "model": "digest.bufferingredient", "fields": {"buffer": 4, "concentration": "50.0", "ingredient": 7}}, {"pk": 15, "model": "digest.bufferingredient", "fields": {"buffer": 4, "concentration": "1.0", "ingredient": 8}}, {"pk": 34, "model": "digest.bufferingredient", "fields": {"buffer": 11, "concentration": "6.0", "ingredient": 1}}, {"pk": 35, "model": "digest.bufferingredient", "fields": {"buffer": 11, "concentration": "6.0", "ingredient": 2}}, {"pk": 36, "model": "digest.bufferingredient", "fields": {"buffer": 11, "concentration": "6.0", "ingredient": 3}}, {"pk": 37, "model": "digest.bufferingredient", "fields": {"buffer": 12, "concentration": "10.0", "ingredient": 1}}, {"pk": 38, "model": "digest.bufferingredient", "fields": {"buffer": 12, "concentration": "10.0", "ingredient": 2}}, {"pk": 39, "model": "digest.bufferingredient", "fields": {"buffer": 12, "concentration": "50.0", "ingredient": 3}}, {"pk": 40, "model": "digest.bufferingredient", "fields": {"buffer": 13, "concentration": "6.0", "ingredient": 1}}, {"pk": 41, "model": "digest.bufferingredient", "fields": {"buffer": 13, "concentration": "6.0", "ingredient": 2}}, {"pk": 42, "model": "digest.bufferingredient", "fields": {"buffer": 13, "concentration": "100.0", "ingredient": 3}}, {"pk": 43, "model": "digest.bufferingredient", "fields": {"buffer": 14, "concentration": "10.0", "ingredient": 1}}, {"pk": 45, "model": "digest.bufferingredient", "fields": {"buffer": 14, "concentration": "10.0", "ingredient": 2}}, {"pk": 44, "model": "digest.bufferingredient", "fields": {"buffer": 14, "concentration": "10.0", "ingredient": 3}}, {"pk": 46, "model": "digest.bufferingredient", "fields": {"buffer": 15, "concentration": "90.0", "ingredient": 1}}, {"pk": 47, "model": "digest.bufferingredient", "fields": {"buffer": 15, "concentration": "10.0", "ingredient": 2}}, {"pk": 48, "model": "digest.bufferingredient", "fields": {"buffer": 15, "concentration": "50.0", "ingredient": 3}}, {"pk": 49, "model": "digest.bufferingredient", "fields": {"buffer": 16, "concentration": "25.0", "ingredient": 5}}, {"pk": 50, "model": "digest.bufferingredient", "fields": {"buffer": 16, "concentration": "10.0", "ingredient": 6}}, {"pk": 51, "model": "digest.bufferingredient", "fields": {"buffer": 16, "concentration": "100.0", "ingredient": 7}}, {"pk": 1, "model": "digest.buffergroup", "fields": {"name": "Group 1 ", "order": 1}}, {"pk": 2, "model": "digest.buffergroup", "fields": {"name": "Group 2", "order": 2}}, {"pk": 3, "model": "digest.buffergroup", "fields": {"name": "Group 3", "order": 3}}, {"pk": 4, "model": "digest.buffergroup", "fields": {"name": "Group 4", "order": 4}}, {"pk": 5, "model": "digest.buffergroup", "fields": {"name": "Group 5", "order": 5}}, {"pk": 6, "model": "digest.buffergroup", "fields": {"name": "Group 6 ", "order": 6}}, {"pk": 7, "model": "digest.buffergroup", "fields": {"name": "Ungrouped", "order": 1000}}]