[{"pk": 1, "model": "digest.manufacturer", "fields": {"name": "NEB"}}, {"pk": 2, "model": "digest.manufacturer", "fields": {"name": "Fermentas"}}, {"pk": 3, "model": "digest.manufacturer", "fields": {"name": "Promega"}}, {"pk": 1, "model": "digest.enzyme", "fields": {"name": "SacI"}}, {"pk": 2, "model": "digest.enzyme", "fields": {"name": "XbaI"}}, {"pk": 1, "model": "digest.brandedenzyme", "fields": {"enzyme": 1, "manufacturer": 1}}, {"pk": 2, "model": "digest.brandedenzyme", "fields": {"enzyme": 2, "manufacturer": 1}}, {"pk": 1, "model": "digest.enzymereactionbuffer", "fields": {"buffer": 1, "enzyme": 1, "activity": 100}}, {"pk": 2, "model": "digest.enzymereactionbuffer", "fields": {"buffer": 2, "enzyme": 1, "activity": 50}}, {"pk": 3, "model": "digest.enzymereactionbuffer", "fields": {"buffer": 3, "enzyme": 1, "activity": 10}}, {"pk": 4, "model": "digest.enzymereactionbuffer", "fields": {"buffer": 4, "enzyme": 1, "activity": 100}}, {"pk": 5, "model": "digest.enzymereactionbuffer", "fields": {"buffer": 1, "enzyme": 2, "activity": 0}}, {"pk": 6, "model": "digest.enzymereactionbuffer", "fields": {"buffer": 2, "enzyme": 2, "activity": 100}}, {"pk": 7, "model": "digest.enzymereactionbuffer", "fields": {"buffer": 3, "enzyme": 2, "activity": 75}}, {"pk": 8, "model": "digest.enzymereactionbuffer", "fields": {"buffer": 4, "enzyme": 2, "activity": 100}}, {"pk": 5, "model": "digest.buffer", "fields": {"name": "Blue", "manufacturer": 2}}, {"pk": 6, "model": "digest.buffer", "fields": {"name": "Green", "manufacturer": 2}}, {"pk": 17, "model": "digest.buffer", "fields": {"name": "Orange", "manufacturer": 2}}, {"pk": 8, "model": "digest.buffer", "fields": {"name": "Red", "manufacturer": 2}}, {"pk": 9, "model": "digest.buffer", "fields": {"name": "Tango", "manufacturer": 2}}, {"pk": 10, "model": "digest.buffer", "fields": {"name": "TaqI", "manufacturer": 2}}, {"pk": 1, "model": "digest.buffer", "fields": {"name": "NEBuffer 1", "manufacturer": 1}}, {"pk": 2, "model": "digest.buffer", "fields": {"name": "NEBuffer 2", "manufacturer": 1}}, {"pk": 3, "model": "digest.buffer", "fields": {"name": "NEBuffer 3", "manufacturer": 1}}, {"pk": 4, "model": "digest.buffer", "fields": {"name": "NEBuffer 4", "manufacturer": 1}}, {"pk": 11, "model": "digest.buffer", "fields": {"name": "A", "manufacturer": 3}}, {"pk": 12, "model": "digest.buffer", "fields": {"name": "C", "manufacturer": 3}}, {"pk": 13, "model": "digest.buffer", "fields": {"name": "E", "manufacturer": 3}}, {"pk": 14, "model": "digest.buffer", "fields": {"name": "F", "manufacturer": 3}}, {"pk": 15, "model": "digest.buffer", "fields": {"name": "H", "manufacturer": 3}}, {"pk": 16, "model": "digest.buffer", "fields": {"name": "MULTI-CORE", "manufacturer": 3}}, {"pk": 1, "model": "digest.ingredient", "fields": {"name": "Tris-HCl", "order": 1}}, {"pk": 2, "model": "digest.ingredient", "fields": {"name": "MgCl2", "order": 2}}, {"pk": 3, "model": "digest.ingredient", "fields": {"name": "NaCl", "order": 3}}, {"pk": 4, "model": "digest.ingredient", "fields": {"name": "KCl", "order": 4}}, {"pk": 5, "model": "digest.ingredient", "fields": {"name": "Tris-acetate", "order": 5}}, {"pk": 6, "model": "digest.ingredient", "fields": {"name": "Mg-acetate", "order": 6}}, {"pk": 7, "model": "digest.ingredient", "fields": {"name": "K-acetate", "order": 7}}, {"pk": 8, "model": "digest.ingredient", "fields": {"name": "DTT", "order": 8}}, {"pk": 9, "model": "digest.ingredient", "fields": {"name": "DTE", "order": 9}}, {"pk": 10, "model": "digest.ingredient", "fields": {"name": "Bis-Tris-Propane-HCl", "order": 10}}, {"pk": 11, "model": "digest.ingredient", "fields": {"name": "2-Mercaptoethanol", "order": 11}}, {"pk": 12, "model": "digest.ingredient", "fields": {"name": "BSA", "order": 12}}, {"pk": 16, "model": "digest.bufferingredient", "fields": {"buffer": 5, "concentration": 10, "ingredient": 1}}, {"pk": 17, "model": "digest.bufferingredient", "fields": {"buffer": 5, "concentration": 10, "ingredient": 2}}, {"pk": 18, "model": "digest.bufferingredient", "fields": {"buffer": 6, "concentration": 10, "ingredient": 1}}, {"pk": 19, "model": "digest.bufferingredient", "fields": {"buffer": 6, "concentration": 10, "ingredient": 2}}, {"pk": 20, "model": "digest.bufferingredient", "fields": {"buffer": 6, "concentration": 50, "ingredient": 3}}, {"pk": 21, "model": "digest.bufferingredient", "fields": {"buffer": 17, "concentration": 50, "ingredient": 1}}, {"pk": 22, "model": "digest.bufferingredient", "fields": {"buffer": 17, "concentration": 10, "ingredient": 2}}, {"pk": 23, "model": "digest.bufferingredient", "fields": {"buffer": 17, "concentration": 100, "ingredient": 3}}, {"pk": 24, "model": "digest.bufferingredient", "fields": {"buffer": 8, "concentration": 10, "ingredient": 1}}, {"pk": 25, "model": "digest.bufferingredient", "fields": {"buffer": 8, "concentration": 10, "ingredient": 2}}, {"pk": 26, "model": "digest.bufferingredient", "fields": {"buffer": 8, "concentration": 100, "ingredient": 4}}, {"pk": 27, "model": "digest.bufferingredient", "fields": {"buffer": 9, "concentration": 33, "ingredient": 5}}, {"pk": 28, "model": "digest.bufferingredient", "fields": {"buffer": 9, "concentration": 10, "ingredient": 6}}, {"pk": 30, "model": "digest.bufferingredient", "fields": {"buffer": 9, "concentration": 66, "ingredient": 7}}, {"pk": 31, "model": "digest.bufferingredient", "fields": {"buffer": 10, "concentration": 10, "ingredient": 1}}, {"pk": 32, "model": "digest.bufferingredient", "fields": {"buffer": 10, "concentration": 5, "ingredient": 2}}, {"pk": 33, "model": "digest.bufferingredient", "fields": {"buffer": 10, "concentration": 100, "ingredient": 3}}, {"pk": 29, "model": "digest.bufferingredient", "fields": {"buffer": 10, "concentration": 10, "ingredient": 6}}, {"pk": 1, "model": "digest.bufferingredient", "fields": {"buffer": 1, "concentration": 10, "ingredient": 2}}, {"pk": 3, "model": "digest.bufferingredient", "fields": {"buffer": 1, "concentration": 1, "ingredient": 8}}, {"pk": 2, "model": "digest.bufferingredient", "fields": {"buffer": 1, "concentration": 10, "ingredient": 10}}, {"pk": 4, "model": "digest.bufferingredient", "fields": {"buffer": 2, "concentration": 10, "ingredient": 1}}, {"pk": 6, "model": "digest.bufferingredient", "fields": {"buffer": 2, "concentration": 50, "ingredient": 1}}, {"pk": 5, "model": "digest.bufferingredient", "fields": {"buffer": 2, "concentration": 10, "ingredient": 2}}, {"pk": 7, "model": "digest.bufferingredient", "fields": {"buffer": 2, "concentration": 1, "ingredient": 8}}, {"pk": 8, "model": "digest.bufferingredient", "fields": {"buffer": 3, "concentration": 50, "ingredient": 1}}, {"pk": 9, "model": "digest.bufferingredient", "fields": {"buffer": 3, "concentration": 10, "ingredient": 2}}, {"pk": 10, "model": "digest.bufferingredient", "fields": {"buffer": 3, "concentration": 100, "ingredient": 3}}, {"pk": 11, "model": "digest.bufferingredient", "fields": {"buffer": 3, "concentration": 1, "ingredient": 8}}, {"pk": 12, "model": "digest.bufferingredient", "fields": {"buffer": 4, "concentration": 20, "ingredient": 5}}, {"pk": 13, "model": "digest.bufferingredient", "fields": {"buffer": 4, "concentration": 10, "ingredient": 6}}, {"pk": 14, "model": "digest.bufferingredient", "fields": {"buffer": 4, "concentration": 50, "ingredient": 7}}, {"pk": 15, "model": "digest.bufferingredient", "fields": {"buffer": 4, "concentration": 1, "ingredient": 8}}, {"pk": 34, "model": "digest.bufferingredient", "fields": {"buffer": 11, "concentration": 6, "ingredient": 1}}, {"pk": 35, "model": "digest.bufferingredient", "fields": {"buffer": 11, "concentration": 6, "ingredient": 2}}, {"pk": 36, "model": "digest.bufferingredient", "fields": {"buffer": 11, "concentration": 6, "ingredient": 3}}, {"pk": 37, "model": "digest.bufferingredient", "fields": {"buffer": 12, "concentration": 10, "ingredient": 1}}, {"pk": 38, "model": "digest.bufferingredient", "fields": {"buffer": 12, "concentration": 10, "ingredient": 2}}, {"pk": 39, "model": "digest.bufferingredient", "fields": {"buffer": 12, "concentration": 50, "ingredient": 3}}, {"pk": 40, "model": "digest.bufferingredient", "fields": {"buffer": 13, "concentration": 6, "ingredient": 1}}, {"pk": 41, "model": "digest.bufferingredient", "fields": {"buffer": 13, "concentration": 6, "ingredient": 2}}, {"pk": 42, "model": "digest.bufferingredient", "fields": {"buffer": 13, "concentration": 100, "ingredient": 3}}, {"pk": 43, "model": "digest.bufferingredient", "fields": {"buffer": 14, "concentration": 10, "ingredient": 1}}, {"pk": 45, "model": "digest.bufferingredient", "fields": {"buffer": 14, "concentration": 10, "ingredient": 2}}, {"pk": 44, "model": "digest.bufferingredient", "fields": {"buffer": 14, "concentration": 10, "ingredient": 3}}, {"pk": 46, "model": "digest.bufferingredient", "fields": {"buffer": 15, "concentration": 90, "ingredient": 1}}, {"pk": 47, "model": "digest.bufferingredient", "fields": {"buffer": 15, "concentration": 10, "ingredient": 2}}, {"pk": 48, "model": "digest.bufferingredient", "fields": {"buffer": 15, "concentration": 50, "ingredient": 3}}, {"pk": 49, "model": "digest.bufferingredient", "fields": {"buffer": 16, "concentration": 25, "ingredient": 5}}, {"pk": 50, "model": "digest.bufferingredient", "fields": {"buffer": 16, "concentration": 10, "ingredient": 6}}, {"pk": 51, "model": "digest.bufferingredient", "fields": {"buffer": 16, "concentration": 100, "ingredient": 7}}]